Species,Leaf Area,Length of Midrib,Length of Petiole,Left Veins,Right Veins,Leaf Width
PNS,32.53,10.41,0.02,14,13,4.17
PNS,33.28,10.4,0.02,12,11,4.85
PNS,42.53,10.45,0.02,15,14,5.89
PNS,31.19,9.38,0.02,11,11,5.19
PNS,30.45,9.37,0.01,13,13,5.21
PNS,46.33,11.44,0.02,14,14,5.14
PNS,40.2,10.42,0.02,13,13,5.2
PNS,36.16,9.37,0.02,16,16,5.12
PNS,32.45,9.36,0.02,12,12,4.19
PNS,32.1,9.35,0.01,11,11,5.2
PNS,51.1,11.43,0.02,17,17,5.88
PNS,49.06,10.41,0.02,15,15,6.25
PNS,45.84,11.44,0.02,15,15,5.78
PNS,39.23,10.4,0.02,16,16,5.2
PNS,28.15,8.34,0.02,13,13,4.18
PNS,45.78,10.39,0.03,11,11,5.21
PNS,48.64,10.32,0.02,12,12,5.23
PNS,41.48,10.41,0.02,13,13,5.2
PNS,42.07,9.39,0.03,13,13,5.22
PNS,35.01,9.34,0.02,13,13,4.19
PNS,31.27,8.33,0.02,10,10,5.2
PNS,43.03,9.37,0.02,13,13,5.21
PNS,57.63,12.5,0.02,15,15,6.25
PNS,54.19,12.49,0.02,13,13,5.2
PNS,47.67,11.45,0.02,14,14,6.24
PNS,72.66,13.52,0.02,12,11,7.28
PNS,47.43,11.34,0.02,12,13,5.22
PNS,31.46,9.36,0.02,12,10,4.18
PNS,32.83,9.36,0.02,11,10,4.19
PNS,46.15,11.46,0.02,13,12,6.1
PNS,40.65,10.42,0.02,15,16,5.21
PNS,28.77,8.33,0.02,12,12,4.82
PNS,47.02,12.47,0.03,14,13,6.08
PNS,46.53,10.41,0.03,18,18,6.26
PNS,30.09,10.42,0.02,16,17,4.19
PNS,53.81,10.54,0.02,20,17,5.23
PNS,38.16,10.41,0.02,14,13,4.19
PNS,45.74,10.41,0.03,16,16,5.23
PNS,33.29,8.32,0.03,12,11,5.21
PNS,33.68,10.41,0.02,18,19,4.56
PNS,37.87,8.33,0.02,10,11,5.22
PNS,39.47,10.41,0.02,18,18,5.87
PNS,35.57,9.39,0.02,13,14,5.2
PNS,36.32,10.4,0.02,13,14,5.2
PNS,25.18,7.29,0.02,16,18,5.2
PNS,39.16,10.4,0.02,12,13,4.18
PNS,40.7,9.38,0.02,19,18,5.2
PNS,32.72,8.33,0.03,11,11,5.22
PNS,29.62,8.32,0.02,13,12,5.2
PNS,30.2,8.3,0.02,16,13,5.21
PNS,39.236,9.35,0.02,11,11,5.23
PNS,34.194,9.36,0.02,11,10,5.2
PNS,54.685,13.5,0.02,16,17,6.33
PNS,45.913,10.41,0.02,15,12,6.24
PNS,32.856,9.38,0.02,11,12,5.2
PNS,64.241,10.47,0.03,15,15,6.24
PNS,44.426,10.4,0.02,12,11,5.58
PNS,34.106,8.35,0.02,11,11,5.2
PNS,33.236,9.36,0.02,11,9,5.2
PNS,36.991,8.34,0.02,11,10,5.12
PNS,42.479,10.43,0.02,14,16,5.12
PNS,31.143,7.31,0.03,12,12,5.21
PNS,35.886,9.36,0.02,10,11,5.22
PNS,32.645,8.34,0.02,13,13,5.21
PNS,33.496,9.39,0.02,14,13,5.2
PNS,44.326,10.42,0.02,14,13,5.43
PNS,44.951,10.44,0.02,13,16,5.2
PNS,50.482,11.46,0.02,15,16,6.25
PNS,33.108,8.32,0.03,10,10,5.23
PNS,25.581,9.35,0.02,11,12,4.18
PNS,33.674,9.36,0.02,10,9,5.23
PNS,35.724,9.39,0.02,14,14,5.19
PNS,30.172,8.34,0.02,14,13,4.19
PNS,47.482,10.4,0.02,10,10,6.14
PNS,24.187,7.29,0.02,8,9,4.18
PNS,38.5,10.4,0.02,16,15,4.19
PNS,41.76,10.4,0.02,16,14,5.21
PNS,33.8,9.37,0.02,12,13,4.19
PNS,40.547,10.41,0.02,13,13,5.21
PNS,32.192,9.37,0.02,13,12,5.2
PNS,35.112,10.4,0.02,15,14,5.19
PNS,25.708,7.3,0.02,11,10,4.18
PNS,29.017,10.4,0.02,15,15,4.18
PNS,27.711,8.32,0.02,12,11,4.19
PNS,29.719,9.35,0.02,12,12,4.19
PNS,33.7,8.34,0.02,13,14,5.2
PNS,21.926,6.26,0.02,11,12,4.17
PNS,29.703,8.32,0.02,11,12,4.19
PNS,28.699,8.35,0.02,12,12,4.18
PNS,32.504,10.42,0.02,15,14,4.19
PNS,29.897,9.36,0.02,12,12,4.18
PNS,28.749,9.35,0.02,11,10,4.19
PNS,28.711,8.33,0.02,12,13,4.19
PNS,32.176,10.4,0.02,15,14,4.19
PNS,26.562,9.37,0.02,13,12,4.19
PNS,53.235,12.48,0.02,17,18,6.24
PNS,26.359,8.32,0.02,9,10,4.18
PNS,27.075,9.36,0.02,9,10,4.18
PNS,22.849,7.3,0.02,10,11,4.18
PNS,21.58,7.28,0.01,10,9,4.18
PNS,44.374,10.41,0.02,12,13,5.2
PNS,38.385,9.35,0.02,10,11,5.21
PNS,37.726,8.34,0.02,10,8,5.2
PNS,37.781,10.4,0.02,12,10,4.18
PNS,22.319,6.26,0.02,10,10,4.17
PNS,40.925,10.4,0.02,12,13,4.19
PNS,25.629,7.3,0.02,10,11,4.17
PNS,33.295,9.37,0.02,11,12,4.18
PNS,28.329,7.28,0.02,10,10,5.22
PNS,35.899,7.4,0.02,14,12,4.18
PNS,41.824,9.36,0.02,12,13,5.2
PNS,43.46,9.36,0.02,14,13,5.12
PNS,27.901,7.3,0.02,12,13,4.17
PNS,23.474,7.27,0.02,10,11,4.17
PNS,54.133,11.47,0.02,14,13,6.24
PNS,40.865,10.39,0.02,15,16,4.16
PNS,47.378,9.39,0.03,13,14,5.68
PNS,50.596,10.43,0.02,15,15,5.22
PNS,37.603,9.39,0.02,13,12,4.19
PNS,35.971,9.37,0.02,14,13,5.2
PNS,30.438,8.33,0.02,11,10,4.17
PNS,41.25,9.37,0.02,12,12,5.23
PNS,30.277,7.3,0.02,12,11,5.21
PNS,27.981,8.34,0.02,12,11,4.18
PNS,36.215,9.39,0.03,11,14,5.2
PNS,46.057,10.41,0.02,12,15,5.22
PNS,43.556,10.42,0.02,14,14,5.22
PNS,48.81,10.43,0.02,14,12,5.24
PNS,42.331,10.43,0.02,13,13,5.21
PNS,33.086,9.35,0.02,12,12,5.21
PNS,48.762,9.38,0.02,10,10,6.26
PNS,31.552,7.3,0.02,10,11,5.42
PNS,38.583,9.38,0.02,12,13,5.2
PNS,44.005,9.38,0.03,15,16,5.22
PNS,48.975,10.35,0.02,14,16,5.75
PNS,22.927,7.29,0.02,11,10,4.02
PNS,23.866,6.27,0.02,10,3,4.17
PNS,35.482,9.36,0.02,11,10,5.2
PNS,25.709,8.35,0.02,9,8,4.16
PNS,31.34,9.38,0.01,13,14,4.86
PNS,49.26,12.47,0.02,12,12,5.49
PNS,41.224,9.36,0.02,13,11,5.83
PNS,41.045,9.36,0.02,12,11,5.22
PNS,24.383,7.3,0.02,11,9,4.16
PNS,28.145,8.31,0.02,10,10,4.19
PNS,31.721,7.29,0.02,10,11,5.2
PNS,33.921,9.35,0.01,10,10,5.2
PNS,28.437,10.4,0.02,11,11,4.19
PNS,35.224,7.31,0.02,14,15,4.18
PNS,25.809,7.31,0.02,11,9,4.17
PNS,41.729,10.41,0.02,13,14,5.2
PNS,34.799,8.34,0.02,12,11,5.19
PNS,34.261,8.31,0.02,10,10,5.2
PNS,38.672,11.44,0.02,12,14,4.65
PNS,58.341,11.16,0.02,14,14,6.24
PNS,30.648,8.35,0.02,11,12,4.17
PNS,28.115,9.36,0.01,12,11,4.16
PNS,23.76,6.26,0.02,11,10,4.18
PNS,30.147,7.3,0.02,10,9,4.19
PNS,34.008,8.35,0.02,12,11,5.02
PNS,48.135,9.39,0.02,14,14,5.23
PNS,24.69,6.26,0.02,10,10,4.7
PNS,42.38,10.42,0.02,15,16,5.2
PNS,53.292,11.46,0.02,14,13,6.14
PNS,54.05,12.5,0.02,15,14,6.24
PNS,29.239,7.28,0.03,11,10,5.2
PNS,26.126,8.33,0.01,9,10,4.16
PNS,25.462,8.34,0.01,10,8,4.24
PNS,34.494,8.33,0.02,10,9,5.22
PNS,23.744,7.3,0.02,10,11,4.16
PNS,57.901,11.45,0.02,15,14,6.28
PNS,46.232,10.39,0.02,14,13,5.22
PNS,26.677,8.35,0.02,10,11,4.12
PNS,36.732,10.42,0.02,12,12,4.81
PNS,44.736,10.41,0.02,13,13,5.21
PNS,32.75,8.33,0.02,12,12,4.18
PNS,34.844,9.35,0.01,11,12,4.19
PNS,25.572,8.32,0.02,10,9,4.17
PNS,30.285,9.36,0.02,11,11,4.19
PNS,43.862,9.38,0.02,14,11,6.24
PNS,50.062,10.42,0.02,13,12,5.23
PNS,35.863,8.35,0.02,13,13,5.2
PNS,34.635,8.35,0.02,12,12,5.2
PNS,27.976,7.3,0.02,11,8,4.18
PNS,28.949,7.3,0.03,12,11,5.91
PNS,36.093,10.4,0.02,13,13,4.18
PNS,27.733,6.27,0.02,10,11,5.2
PNS,45.529,10.43,0.02,11,10,5.73
PNS,42.206,10.4,0.02,14,15,5.53
PNS,21.059,6.27,0.01,9,9,4.17
PNS,23.649,7.3,0.01,11,12,4.16
PNS,24.221,6.26,0.02,10,11,4.18
PNS,24.68,7.27,0.02,9,10,4.19
PNS,28.963,7.28,0.02,10,10,5.22
PNS,27.312,8.34,0.02,12,12,4.18
PNS,20.845,6.25,0.02,11,10,4.34
PNS,34.4,9.35,0.02,12,13,4.18
PNS,23.924,6.26,0.02,11,11,4.17
PNS,31.275,8.35,0.02,10,12,4.19
PNS,28.138,9.36,0.02,10,12,4.36
PNS,38.551,8.34,0.01,10,10,4.19
PNS,35.341,7.31,0.02,9,8,4.19
PNS,41.264,9.35,0.02,10,8,5.2
PNS,57.615,12.48,0.02,15,15,5.21
PNS,47.232,11.43,0.02,14,11,5.21
PNS,43.041,9.37,0.01,10,8,5.21
PNS,33.447,8.31,0.02,11,10,5.2
PNS,34.968,8.34,0.02,10,9,5.2
PNS,34.665,8.33,0.02,11,11,5.2
PNS,40.062,9.37,0.02,11,10,5.2
PNS,27.199,9.34,0.02,13,13,3.15
PNS,29.834,8.31,0.02,14,14,4.17
PNS,26.869,8.32,0.01,11,12,4.17
PNS,27.243,8.34,0.01,10,11,4.16
PNS,46.925,11.44,0.02,15,14,5.23
PNS,28.022,7.31,0.02,13,11,4.19
PNS,32.807,8.34,0.02,12,15,4.36
PNS,24.698,6.25,0.02,10,8,4.9
PNS,40.694,10.43,0.02,14,15,5.2
PNS,32.063,10.44,0.02,14,11,4.17
PNS,39.003,9.38,0.02,14,11,4.19
PNS,38.555,9.35,0.02,9,11,5.02
PNS,33.908,8.33,0.02,12,11,5.2
PNS,35.113,9.38,0.02,13,14,4.18
PNS,37.151,9.37,0.02,10,11,5.2
PNS,50.764,10.42,0.02,13,14,6.24
PNS,36.208,9.36,0.02,13,14,5.2
PNS,42.261,10.4,0.02,14,14,5.21
PNS,25.777,7.3,0.02,10,9,4.17
PNS,23.112,7.29,0.01,9,11,4.16
PNS,35.609,9.36,0.02,15,14,4.18
PNS,28.893,8.33,0.02,11,10,4.16
PNS,33.308,8.34,0.02,13,12,4.2
PNS,36.543,9.36,0.01,9,9,4.19
PNS,31.772,8.32,0.02,9,9,419
PNS,28.534,7.3,0.02,13,11,4.6
PNS,53.64,11.46,0.02,19,17,6.24
PNS,30.945,8.32,0.02,12,12,4.18
PNS,27.622,8.32,0.02,11,10,4.17
PNS,43.984,10.43,0.02,15,15,5.21
PNS,42.716,10.41,0.02,14,15,5.2
PNS,31.019,8.32,0.02,12,10,4.75
PNS,45.675,11.44,0.02,15,14,5.22
PNS,35.254,8.35,0.02,12,12,5.2
PNS,36.919,10.39,0.02,14,13,4.9
PNS,40.801,9.37,0.02,15,12,5.21
PNS,30.723,8.33,0.02,15,12,4.17
PNS,27.738,9.36,0.02,14,12,4.16
PNS,35.076,9.36,0.02,13,12,4.19
PNS,34.039,9.36,0.02,13,11,4.19
PNS,31.393,7.31,0.02,12,12,4.17
PNS,63.588,12.49,0.02,17,17,6.24
PNS,40.309,9.36,0.02,11,12,5.02
PNS,41.872,9.35,0.02,12,12,5.2
PNS,35.334,9.36,0.02,13,12,4.17
PNS,39.91,9.38,0.02,14,11,5.2
PNS,32.612,9.35,0.02,12,12,4.46
PNS,39.045,9.38,0.02,13,13,5.2
PNS,29.04,9.36,0.02,14,14,3.15
PNS,31.505,8.33,0.02,14,13,4.19
PNS,31.737,9.36,0.01,12,11,4.19
PNS,40.749,9.37,0.02,13,15,5.21
PNS,37.981,9.38,0.02,13,12,5.11
PNS,36.924,8.34,0.02,13,12,5.21
PNS,39.999,10.42,0.02,15,16,5.2
PNS,42.828,10.41,0.02,14,13,5.2
PNS,26.268,7.31,0.02,13,11,4.16
PNS,36.894,10.4,0.02,14,15,4.19
PNS,37.938,9.37,0.02,12,11,5.2
PNS,46.331,10.42,0.02,13,11,5.2
PNS,46.256,9.37,0.02,16,12,5.2
PNS,34.702,9.36,0.02,10,13,4.17
PNS,33.249,8.32,0.02,13,12,4.19
PNS,27.922,7.29,0.02,10,12,4.17
PNS,29.727,9.36,0.02,12,14,4.16
PNS,35.718,8.34,0.02,10,10,5.22
PNS,37.5,9.36,0.02,11,12,4.19
PNS,29.104,8.35,0.02,11,13,4.17
PNS,34.445,8.33,0.03,11,11,4.19
PNS,38.863,9.38,0.02,13,12,5.2
PNS,38.878,8.3,0.02,9,8,5.2
PNS,36.338,7.3,0.02,13,11,5.19
PNS,44.266,10.41,0.02,14,14,4.19
PNS,50.065,10.4,0.02,15,14,5.21
PNS,41.097,8.34,0.02,12,11,5.2
PNS,43.049,10.4,0.02,14,12,4.19
PNS,39.457,8.35,0.02,11,11,5.21
PNS,30.458,7.3,0.02,11,11,4.19
PNS,32.731,8.33,0.02,14,12,4.19
PNS,37.556,9.37,0.02,16,14,4.19
PNS,44.153,9.37,0.02,13,15,5.21
PNS,28.132,7.28,0.02,10,11,4.17
PNS,25.428,7.29,0.02,10,12,4.16
PNS,31.269,8.35,0.02,15,14,4.17
PNS,53.996,11.45,0.02,17,17,6.26
PNS,42.144,8.35,0.02,13,15,5.2
PNS,37.878,9.39,0.02,15,15,4.18
PNS,32.98,9.39,0.02,14,13,4.17
PNS,38.185,10.41,0.02,14,15,4.18
PNS,37.652,8.34,0.02,12,12,5.2
PNS,34.967,9.38,0.02,13,14,4.18
PNS,35.33,9.35,0.02,13,13,5.2
PNS,26.873,8.35,0.02,14,11,4.17
PNS,38.952,10.4,0.02,12,14,4.17
PNS,51.719,11.44,0.02,14,15,6.07
PNS,47.513,10.4,0.03,12,12,5.23
PNS,40.491,9.38,0.02,12,12,5.21
PNS,33.528,8.3,0.02,12,11,5.2
PNS,37.027,9.35,0.02,13,12,5.2
PNS,31.964,9.36,0.02,12,13,4.19
PNS,43.185,9.39,0.02,12,12,5.2
PNS,46.379,11.44,0.02,13,13,5.21
PNS,40.344,10.4,0.02,17,14,5.21
PNS,27.744,8.34,0.02,12,14,4.17
PNS,36.526,9.38,0.02,13,14,5.2
PNS,38.247,8.34,0.02,12,11,5.2
PNS,43.473,11.44,0.02,16,14,5.2
PNS,34.675,10.41,0.02,17,17,4.18
PNS,28.285,8.31,0.02,12,12,5.2
PNS,31.059,8.35,0.02,12,13,5.2
PNS,42.905,10.39,0.02,14,14,5.2
PNS,44.947,9.36,0.02,11,13,5.21
PNS,30.733,9.35,0.02,13,11,4.17
PNS,31.839,9.35,0.02,12,11,4.19
PNS,33.983,9.37,0.02,13,13,4.17
PNS,28.343,8.32,0.02,11,13,4.16
PNS,35.698,9.38,0.02,13,15,4.16
PNS,44.613,10.42,0.02,13,15,5.21
PNS,36.951,9.39,0.02,12,12,4.18
PNS,38.919,9.37,0.02,15,13,5.2
PNS,35.212,8.35,0.01,11,12,4.17
PNS,56.341,10.41,0.02,11,12,5.22
PNS,35.72,8.32,0.01,10,10,4.19
PNS,36.361,8.32,0.02,14,12,5.21
PNS,36.341,9.37,0.01,12,10,4.19
PNS,47.146,10.42,0.02,13,14,5.2
PNS,47.037,11.43,0.02,15,15,5.2
PNS,35.763,9.38,0.02,10,10,5.2
PNS,35.555,9.38,0.02,16,14,4.18
PNS,36.599,9.36,0.02,12,12,4.19
PNS,30.091,7.3,0.02,11,10,4.16
PNS,34.158,8.32,0.02,9,9,4.16
PNS,36.654,8.34,0.02,11,10,5.2
PNS,62.648,11.37,0.02,14,15,6.27
PNS,29.473,7.29,0.02,10,10,5.2
PNS,31.522,8.32,0.02,12,11,4.18
PNS,47.038,10.39,0.02,14,12,5.22
PNS,26.017,8.32,0.02,11,11,4.17
PNS,34.834,8.33,0.02,14,14,5.2
PNS,31.167,8.32,0.02,11,11,4.19
PNS,38.285,8.33,0.02,11,11,4.19
PNS,41.578,9.39,0.02,13,12,4.19
PNS,37.448,9.36,0.01,13,11,5.2
PNS,35.605,8.35,0.02,11,11,5.2
PNS,35.171,8.34,0.02,12,11,4.19
PNS,33.715,7.28,0.02,12,10,5.2
PNS,34.546,8.32,0.02,12,13,5.2
PNS,48.891,11.43,0.02,14,13,5.22
PNS,35.423,9.39,0.01,13,12,4.17
PNS,26.153,7.3,0.02,11,11,4.17
PNS,41.743,9.51,0.02,12,13,4.19
PNS,42.024,10.41,0.02,14,15,4.19
PNS,29.989,7.28,0.01,9,8,4.19
PNS,30.294,6.27,0.02,8,8,4.19
PNS,45.561,9.37,0.02,13,12,5.22
PNS,43.735,9.39,0.02,15,13,5.2
PNS,40.24,9.36,0.02,12,13,5.52
PNS,33.715,9.36,0.02,13,14,4.18
PNS,33.381,8.33,0.01,11,12,5.19
PNS,43.446,10.45,0.02,17,15,5.2
PNS,32.155,8.33,0.02,13,12,4.17
PNS,39.606,9.37,0.02,13,13,5.2
PNS,33.467,8.32,0.02,12,12,4.18
PNS,34.53,8.34,0.02,13,13,4.18
PNS,29.625,7.29,0.02,10,10,4.18
PNS,57.569,12.48,0.02,19,11,6.23
PNS,40.834,9.27,0.02,12,11,5.21
PNS,47.941,10.39,0.02,16,16,6.24
PNS,27.655,7.28,0.02,12,10,4.18
PNS,36.76,9.36,0.02,17,16,4.18
PNS,44.189,9.37,0.02,10,11,5.2
PNS,34.035,8.32,0.02,11,11,4.18
PNS,26.802,7.3,0.01,11,10,4.16
PNS,31.676,8.32,0.01,12,14,4.19
PNS,30.97,8.32,0.02,11,12,4.18
PNS,44.153,10.39,0.02,10,9,418
PNS,39.937,9.35,0.02,11,10,5.21
PNS,38.595,9.38,0.02,13,12,4.19
PNS,29.226,8.34,0.02,12,12,4.19
PNS,31.396,8.32,0.02,10,9,4.19
PNS,59.018,11.45,0.02,12,14,5.22
PNS,43.077,9.36,0.02,12,11,5.22
PNS,42.047,10.39,0.02,14,13,5.2
PNS,36.229,9.38,0.02,13,14,4.18
PNS,36.616,8.32,0.02,9,10,5.2
PNS,44.329,9.37,0.02,11,12,5.23
PNS,46.661,11.43,0.02,16,16,5.2
PNS,27.258,7.31,0.01,11,10,4.17
PNS,38.764,9.37,0.02,12,13,4.19
PNS,32.413,10.4,0.02,14,16,4.16
PNS,38.413,9.38,0.02,13,13,5.2
PNS,44,11.45,0.02,15,14,4.19
PNS,49.407,11.43,0.02,18,14,4.21
PNS,37.849,9.33,0.02,13,12,5.2
PNS,37.116,9.37,0.01,12,14,4.18
PNS,34.918,9.35,0.02,10,10,4.18
PNS,38.693,9.37,0.02,17,15,5.2
PNS,30.592,8.33,0.02,13,14,4.17
PNS,32.045,7.31,0.02,12,12,4.19
PNS,48.519,10.43,0.02,16,15,5.2
PNS,31.86,8.35,0.01,12,13,4.17
PNS,30.35,8.31,0.02,13,12,4.16
PNS,33.76,8.33,0.02,10,9,5.2
PNS,46.761,11.44,0.02,11,12,5.21
PNS,35.308,8.34,0.02,12,11,4.19
PNS,44.672,10.42,0.02,12,14,5.2
PNS,39.118,9.37,0.02,10,9,5.21
PNS,34.567,8.33,0.01,10,9,5.22
PNS,33.947,8.32,0.02,9,10,5.2
PNS,37.809,9.35,0.02,11,12,5.21
PNS,35.412,9.37,0.02,11,12,4.19
PNS,36.464,9.37,0.02,13,11,4.19
PNS,53.763,11.46,0.02,13,14,5.22
PNS,41.057,10.39,0.02,15,14,5.21
PNS,31.585,8.33,0.02,16,14,4.18
PNS,40.504,9.37,0.02,14,13,5.2
PNS,24.421,7.28,0.01,11,10,4.17
PNS,26.069,7.3,0.02,12,11,4.17
PNS,28.998,8.31,0.02,10,8,4.18
PNS,46.947,11.43,0.02,13,14,5.21
PNS,42.873,9.36,0.02,11,10,5.21
PNS,34.249,9.36,0.02,10,11,4.19
PNS,31.68,8.34,0.02,12,11,4.18
PNS,28.002,7.3,0.02,14,13,4.18
PNS,28.394,8.32,0.02,12,13,4.17
PNS,33.046,8.33,0.02,13,12,4.16
PNS,36.021,9.36,0.02,10,12,4.9
PNS,35.733,9.36,0.02,12,11,4.19
PNS,44.07,11.43,0.02,14,13,5.21
PNS,37.72,9.38,0.02,10,11,5.2
PNS,25.876,7.29,0.01,10,11,4.16
PNS,27.616,8.32,0.01,12,12,4.16
PNS,32.635,8.33,0.02,13,12,4.19
PNS,23.657,7.29,0.02,10,11,4.16
PNS,26.206,8.31,0.02,11,13,4.17
PNS,36.801,8.32,0.01,10,11,4.19
PNS,29.306,8.34,0.02,11,13,4.18
PNS,49.378,11.45,0.02,14,15,5.22
PNS,37.996,9.37,0.02,14,13,5.2
PNS,29.331,9.36,0.01,12,13,4.17
PNS,49.384,11.44,0.02,15,15,5.21
PNS,36.551,9.35,0.02,10,10,5.19
PNS,28.971,8.34,0.02,15,14,4.17
PNS,40.962,11.44,0.02,16,15,5.2
PNS,35.663,9.38,0.02,14,12,5.2
PNS,43.727,10.4,0.02,14,15,5.2
PNS,26.419,7.3,0.01,11,10,4.18
PNS,29.59,8.33,0.02,13,14,4.18
PNS,30.719,9.35,0.02,13,13,4.19
PNS,28.925,8.32,0.02,12,14,4.19
PNS,44.945,9.39,0.02,14,13,5.22
PNS,39.238,9.38,0.02,15,10,4.19
PNS,40.43,9.36,0.02,12,14,5.2
PNS,32.253,7.3,0.02,11,13,4.18
PNS,39.687,8.34,0.01,12,12,4.19
PNS,32.176,9.36,0.02,15,14,4.17
PNS,32.416,8.34,0.02,14,13,4.19
PNS,29.617,7.3,0.02,11,11,4.18
PNS,46.315,10.4,0.02,15,14,5.22
PNS,35.192,8.34,0.02,12,14,4.17
PNS,35.23,8.33,0.02,11,10,4.17
PNS,33.195,7.3,0.02,11,11,4.18
PNS,28.739,8.31,0.02,11,11,4.16
PNS,47.336,9.38,0.02,13,12,6.23
PNS,42.958,11.43,0.02,16,17,4.19
PNS,48.743,9.37,0.02,13,12,6.23
PNS,45.637,9.37,0.02,13,13,5.22
PNS,41.353,10.4,0.02,13,15,5.2
PNS,30.944,9.35,0.02,12,12,4.18
PNS,36.875,10.41,0.02,14,13,4.19
PNS,40.456,10.41,0.02,18,20,4.18
PNS,34.533,9.37,0.02,14,14,4.18
PNS,34.667,8.35,0.02,11,10,5.2
PNS,39.462,9.36,0.02,12,14,5.2
PNS,51.244,11.35,0.02,13,14,5.22
PNS,36.129,8.33,0.02,10,9,4.2
PNS,44.365,9.38,0.02,12,13,5.21
PNS,36.833,10.42,0.02,17,16,4.18
PNS,32.858,8.32,0.02,11,13,4.18
PNS,32.895,8.34,0.02,11,9,5.2
PNS,36.414,8.33,0.02,11,12,4.18
PNS,34.222,7.31,0.02,12,9,4.19
PNS,27.715,7.3,0.02,11,11,4.16
PNS,34.97,7.3,0.02,13,13,5.2
PNS,47.664,10.42,0.02,14,13,5.2
PNS,39.985,9.36,0.02,15,17,4.19
PNS,31.139,9.34,0.01,12,10,4.17
PNS,29.398,8.33,0.02,12,11,4.16
PNS,37.415,9.33,0.02,11,12,5.2
PNS,31.384,7.31,0.02,11,10,4.18
PNM,19.29,8.33,0.02,6,6,4.02
PNM,33.67,10.42,0.02,7,6,5.06
PNM,22.07,8.34,0.02,6,6,4.93
PNM,18.93,8.34,0.01,5,5,4.91
PNM,19.68,8.34,0.02,7,6,4.36
PNM,24.6,7.27,0.01,5,7,5.63
PNM,34.3,10.4,0.02,7,6,5.6
PNM,27.9,9.37,0.01,5,6,4.98
PNM,25.6,8.31,0.02,5,5,4.82
PNM,25.04,8.35,0.01,6,5,4.89
PNM,31.26,10.42,0.01,8,6,5.12
PNM,22.45,8.35,0.02,6,7,4.46
PNM,30.17,10.39,0.01,6,5,5.2
PNM,23.73,8.32,0.02,6,7,5.22
PNM,28.5,10.4,0.01,5,6,5.1
PNM,34.26,10.4,0.01,7,7,5.22
PNM,33.74,10.41,0.01,7,7,5.4
PNM,26.97,8.32,0.01,6,5,4.97
PNM,22.3,7.28,0.01,5,5,4.58
PNM,38.03,11.44,0.01,6,4,5.46
PNM,35.26,8.33,0.02,7,7,5.86
PNM,31.01,8.38,0.02,6,6,5.58
PNM,32.54,8.34,0.01,7,7,5.36
PNM,23.2,8.34,0.01,6,6,4.69
PNM,32.66,8.35,0.02,5,6,5.76
PNM,22.28,8.32,0.01,5,7,4.03
PNM,32.85,9.37,0.02,6,6,5.34
PNM,33.49,10.4,0.02,7,6,5.33
PNM,17.68,7.3,0.01,5,6,4.03
PNM,37.42,11.43,0.02,7,5,5.52
PNM,35.58,9.38,0.01,6,6,5.4
PNM,25.05,8.32,0.01,5,7,4.7
PNM,28.81,9.35,0.02,7,5,5.08
PNM,43.43,11.46,0.01,7,6,6.02
PNM,26.24,8.34,0.01,5,7,4.98
PNM,35.3,8.33,0.01,7,5,4.38
PNM,27.81,8.35,0.02,6,7,4.71
PNM,21.44,8.33,0.01,5,6,4.26
PNM,25.9,9.35,0.02,5,5,4.67
PNM,38.96,11.43,0.02,6,5,5.74
PNM,23.58,9.35,0.02,6,6,4.5
PNM,20.24,8.32,0.01,6,5,4.18
PNM,24.81,9.35,0.02,6,6,4.86
PNM,28.24,10.4,0.02,5,6,5.23
PNM,26.45,9.38,0.02,5,6,4.81
PNM,24.42,7.29,0.02,5,4,4.07
PNM,26.34,8.35,0.02,6,6,5.12
PNM,21.69,8.34,0.01,6,6,4.2
PNM,19.32,7.29,0.02,7,6,4.91
PNM,31.66,10.4,0.02,6,6,5.51
PNM,37.352,11.46,0.02,6,8,5.86
PNM,26.455,9.39,0.02,6,6,4.99
PNM,41.336,12.47,0.02,7,7,6.41
PNM,38.261,11.45,0.02,5,6,6.11
PNM,28.563,11.43,0.02,6,5,5.49
PNM,21.574,7.26,0.02,7,7,4.2
PNM,30.151,9.39,0.02,6,5,5.98
PNM,25.453,8.33,0.02,7,6,5.96
PNM,34.242,10.43,0.02,6,7,5.48
PNM,37.614,11.46,0.02,8,6,5.98
PNM,36.827,12.47,0.02,6,7,5.91
PNM,21.978,9.35,0.02,6,5,4.91
PNM,22.253,9.36,0.02,7,6,5
PNM,17.091,7.31,0.02,6,5,4.58
PNM,18.494,8.33,0.01,6,5,4.72
PNM,26.941,9.36,0.01,7,7,4.85
PNM,28.006,9.36,0.02,5,5,5.09
PNM,21.851,8.33,0.02,7,6,4.5
PNM,37.073,10.32,0.02,8,7,6
PNM,20.523,8.35,0.02,5,6,4.51
PNM,24.261,9.38,0.02,5,7,4.89
PNM,26.186,9.36,0.02,5,6,5.03
PNM,23.407,10.4,0.02,7,6,4.88
PNM,19.57,8.32,0.02,6,5,5.02
PNM,15.611,7.3,0.01,6,6,4.2
PNM,28.328,9.39,0.02,8,7,4.83
PNM,20.779,8.35,0.02,5,6,4.02
PNM,23.969,8.34,0.02,5,6,5.01
PNM,22.587,8.33,0.02,6,6,4.72
PNM,19.949,8.31,0.02,6,5,4.87
PNM,23.186,8.34,0.02,6,7,4.81
PNM,22.922,8.35,0.02,6,6,4.8
PNM,21.824,7.3,0.02,6,6,5.69
PNM,16.654,8.32,0.02,5,6,4.88
PNM,23.888,10.4,0.02,6,7,4.84
PNM,26.627,8.35,0.02,5,6,4.68
PNM,29.485,9.35,0.01,7,8,5.13
PNM,22.04,8.34,0.01,4,7,4.43
PNM,20.322,9.38,0.02,6,6,4.89
PNM,26.38,9.35,0.01,6,7,4.17
PNM,33.648,10.4,0.02,7,7,5.58
PNM,34.538,10.4,0.02,7,6,5.89
PNM,21.905,7.3,0.02,6,6,4.73
PNM,25.303,9.38,0.01,6,6,4.52
PNM,22.842,7.31,0.02,5,5,4.9
PNM,19.364,7.3,0.02,6,5,4.07
PNM,27.868,9.36,0.02,6,6,4.83
PNM,27.251,9.38,0.02,5,6,4.6
PNM,26.349,9.36,0.02,6,6,4.77
PNM,24.168,9.36,0.02,7,7,4.59
PNM,22.907,8.34,0.01,6,7,4.71
PNM,21.516,9.37,0.01,5,6,4.08
PNM,33.981,10.43,0.02,9,9,5.83
PNM,34.655,10.42,0.02,7,6,5.89
PNM,18.864,7.31,0.02,5,7,4.81
PNM,24.528,8.34,0.02,8,5,4.7
PNM,21.345,7.31,0.02,5,5,4.17
PNM,25.23,8.34,0.02,4,5,5.28
PNM,28.467,9.37,0.02,5,6,5.41
PNM,25.953,9.37,0.02,6,6,4.63
PNM,19.909,8.33,0.01,6,6,4.72
PNM,21.425,9.37,0.02,6,5,4.65
PNM,25.689,8.38,0.02,7,6,5.44
PNM,21.131,9.37,0.02,6,5,4.8
PNM,14.685,7.3,0.02,4,4,4.12
PNM,33.493,9.38,0.02,6,6,5.18
PNM,17.206,7.3,0.02,5,5,4.01
PNM,22.415,8.33,0.02,7,7,4.39
PNM,21.504,9.36,0.02,7,6,4.38
PNM,27.454,10.41,0.02,5,6,4.98
PNM,32.797,10.43,0.02,6,6,5.01
PNM,20.195,7.3,0.02,6,6,4.07
PNM,27.016,9.37,0.02,6,5,5.11
PNM,25.341,9.38,0.02,6,7,4.63
PNM,22.163,8.35,0.02,5,5,4.99
PNM,24.122,8.34,0.02,6,5,4.33
PNM,23.234,8.33,0.02,5,6,4.68
PNM,19.563,7.27,0.02,5,6,4.6
PNM,16.16,7.29,0.01,6,5,3.6
PNM,23.749,9.37,0.01,6,7,4.59
PNM,23.755,9.36,0.01,6,8,4.79
PNM,14.615,6.26,0.01,6,7,3.98
PNM,22.411,8.34,0.01,6,7,3.71
PNM,32.122,11.44,0.02,7,7,5.86
PNM,15.716,8.33,0.01,6,4,4.56
PNM,29.405,9.38,0.02,5,7,5.01
PNM,18.932,6.26,0.02,6,5,4.39
PNM,21.268,8.33,0.02,4,4,4.3
PNM,28.217,8.34,0.02,6,7,4.81
PNM,20.872,8.31,0.02,5,5,4.49
PNM,21.879,8.35,0.02,5,5,4.38
PNM,18.135,7.28,0.02,7,6,4.49
PNM,17.71,8.32,0.01,7,7,3.92
PNM,16.543,7.3,0.02,6,7,4.38
PNM,21.636,9.36,0.01,7,6,4.31
PNM,17.214,7.27,0.02,6,6,3.71
PNM,18.17,8.34,0.02,7,7,4.68
PNM,19.474,8.32,0.01,6,6,4.1
PNM,20.369,8.31,0.02,7,6,4.59
PNM,20.319,8.32,0.02,6,6,4.49
PNM,25.328,9.38,0.02,7,6,4.56
PNM,25.067,9.36,0.02,7,5,5.01
PNM,28.401,10.39,0.02,8,7,5.28
PNM,23.127,9.39,0.02,9,8,4.53
PNM,21.03,10.4,0.02,6,7,4.48
PNM,32.693,9.37,0.02,7,7,5.23
PNM,28.02,10.4,0.02,7,8,4.98
PNM,21.729,9.38,0.02,7,8,4.76
PNM,28.028,9.36,0.02,6,7,3.88
PNM,22.736,8.33,0.02,6,7,4.03
PNM,18.424,8.33,0.02,6,7,3.88
PNM,20.023,8.32,0.02,7,5,4.36
PNM,21.921,8.32,0.02,5,7,5.03
PNM,22.033,9.36,0.02,6,6,4.81
PNM,18.295,8.33,0.02,6,6,4.11
PNM,29.546,8.35,0.03,6,7,5.36
PNM,25.382,8.31,0.02,7,8,4.88
PNM,24.956,8.33,0.02,8,6,4.99
PNM,23.929,8.33,0.02,8,6,4.73
PNM,24.559,9.36,0.02,7,8,4.09
PNM,17.332,7.31,0.02,6,5,4.2
PNM,16.998,7.3,0.02,7,5,3.71
PNM,19.075,9.36,0.02,6,6,4.76
PNM,26.909,11.34,0.02,6,7,5.2
PNM,15.309,7.28,0.01,5,6,4.08
PNM,17.95,7.29,0.01,4,5,3.89
PNM,27.847,8.33,0.02,6,5,4.89
PNM,15.843,7.29,0.01,5,6,3.85
PNM,16.465,7.28,0.02,5,5,4.1
PNM,15.228,6.26,0.01,7,6,4.16
PNM,38.005,10.41,0.02,8,7,5.4
PNM,25.384,8.32,0.01,6,7,4.89
PNM,22.49,8.32,0.02,7,7,4.44
PNM,37.538,10.43,0.02,6,7,5.72
PNM,34.536,10.42,0.02,7,6,5.65
PNM,23.418,7.3,0.02,6,6,4.79
PNM,26.398,7.32,0.02,7,6,4.51
PNM,24.097,8.34,0.02,6,7,4.53
PNM,36.206,10.42,0.01,7,6,5.4
PNM,18.85,6.27,0.02,6,6,4.58
PNM,28.796,8.32,0.01,6,5,4.96
PNM,24.437,8.35,0.01,6,4,5.72
PNM,24.394,8.32,0.02,6,4,5.71
PNM,25.67,8.32,0.02,5,5,5.96
PNM,23.793,8.33,0.02,6,6,4.86
PNM,21.207,7.28,0.02,6,5,4.56
PNM,26.416,9.36,0.02,7,6,4.56
PNM,20.87,7.29,0.02,7,6,4.58
PNM,20.664,7.29,0.02,6,7,4.39
PNM,26.319,8.34,0.02,8,7,4.68
PNM,25.283,9.36,0.01,7,6,4.04
PNM,18.078,7.28,0.01,5,6,4.18
PNM,19.283,7.27,0.02,6,5,4.05
PNM,17.147,7.28,0.02,6,4,4.01
PNM,17.256,7.28,0.02,5,6,4.14
PNM,18.467,7.28,0.01,6,4,4.3
PNM,24.174,7.29,0.02,6,7,4.61
PNM,24.39,8.34,0.01,6,6,4.73
PNM,16.928,7.29,0.01,6,5,3.71
PNM,23.892,8.34,0.01,6,6,4.4
PNM,31.506,8.33,0.02,8,6,5.29
PNM,21.202,7.3,0.02,5,5,4.68
PNM,22.918,7.28,0.02,6,5,4.36
PNM,24.071,8.34,0.02,7,8,4.51
PNM,26.117,9.36,0.02,8,6,4.9
PNM,23.569,8.32,0.02,6,6,4.58
PNM,25.52,8.34,0.02,6,7,4.82
PNM,20.799,7.3,0.01,5,6,4.33
PNM,22.97,8.33,0.01,7,6,4.56
PNM,20.588,7.3,0.02,5,6,4.32
PNM,28.659,9.37,0.01,8,8,4.96
PNM,16.554,6.27,0.02,9,8,4.1
PNM,30.958,10.39,0.02,8,7,4.83
PNM,21.014,8.33,0.02,5,6,3.98
PNM,19.355,7.3,0.02,6,7,4.08
PNM,29.137,9.3,0.02,8,7,5.01
PNM,31.529,8.33,0.01,7,7,4.93
PNM,22.466,8.34,0.02,6,6,4.37
PNM,22.958,6.26,0.02,6,6,4.61
PNM,21.066,7.28,0.02,5,5,4.43
PNM,31.229,9.36,0.02,6,7,5.16
PNM,17.918,7.3,0.01,5,6,3.98
PNM,24.753,8.34,0.01,7,6,4.51
PNM,13.984,6.25,0.01,4,6,3.78
PNM,16.65,6.27,0.01,5,5,4.61
PNM,25.914,8.32,0.02,6,5,5.2
PNM,21.338,8.33,0.02,5,6,4.81
PNM,23.246,8.32,0.02,7,7,4.41
PNM,25.361,8.34,0.02,6,6,4.53
PNM,15.794,6.24,0.02,6,5,4.01
PNM,33.317,9.38,0.02,8,6,5.02
PNM,23.311,7.31,0.02,6,5,4.51
PNM,25.485,9.35,0.02,7,6,4.92
PNM,27.494,8.32,0.02,5,6,4.09
PNM,43.442,11.44,0.02,6,7,5.06
PNM,28.299,9.35,0.02,6,5,5.29
PNM,33.024,9.38,0.02,6,5,4.4
PNM,29.638,9.37,0.02,7,6,5.26
PNM,23.968,7.29,0.02,5,6,4.5
PNM,21.621,7.28,0.02,5,6,4.93
PNM,28.489,8.35,0.02,6,7,4.9
PNM,33.674,10.4,0.02,7,5,4.01
PNM,21.009,7.29,0.02,5,6,4.92
PNM,13.876,6.26,0.01,5,5,3.63
PNM,29.643,10.4,0.02,7,6,5.2
PNM,33.462,9.38,0.02,7,6,5.31
PNM,26.991,9.37,0.02,7,6,4.71
PNM,23.04,7.31,0.02,6,5,4.9
PNM,19.383,6.25,0.02,5,5,4.8
PNM,27.353,8.33,0.02,6,5,5.37
PNM,32.467,10.39,0.02,6,7,5.03
PNM,41.257,10.43,0.02,8,6,5.53
PNM,35.278,9.39,0.01,6,5,5.51
PNM,27.236,8.32,0.02,7,6,5.01
PNM,25.752,8.32,0.02,6,7,4.61
PNM,35.733,10.4,0.02,7,5,5.45
PNM,20.497,7.29,0.02,5,4,4.46
PNM,22.281,8.31,0.02,5,6,4.51
PNM,27.404,8.31,0.02,7,6,5.23
PNM,33.093,8.33,0.01,8,7,5.39
PNM,27.673,8.35,0.02,7,6,4.89
PNM,29.883,9.39,0.02,6,6,4.85
PNM,26.586,9.36,0.02,6,6,4.77
PNM,27.263,9.37,0.02,6,5,4.08
PNM,31.719,9.39,0.02,7,7,5.31
PNM,24.781,8.27,0.01,7,5,4.81
PNM,25.284,8.35,0.02,5,6,4.81
PNM,29.406,9.38,0.02,4,6,5.03
PNM,17.864,7.31,0.02,7,6,3.81
PNM,20.713,6.26,0.02,6,6,4.7
PNM,26.519,8.34,0.02,6,7,5.01
PNM,26.525,8.35,0.02,7,5,4.06
PNM,23.052,8.32,0.02,6,5,4.41
PNM,15.416,5.22,0.02,5,6,3.73
PNM,20.208,7.28,0.02,5,4,4.01
PNM,21.66,7.29,0.02,6,6,4.3
PNM,17.715,7.28,0.01,6,6,3.89
PNM,32.025,10.39,0.02,6,7,5.48
PNM,23.567,8.32,0.02,7,7,4.6
PNM,26.468,7.3,0.02,7,8,5.1
PNM,29.256,9.38,0.02,6,7,5.04
PNM,35.146,9.38,0.02,6,7,5.81
PNM,22.879,7.29,0.02,6,5,4.6
PNM,26.501,8.32,0.02,6,5,4.05
PNM,34.696,10.32,0.02,5,7,5.59
PNM,17.061,6.25,0.02,6,5,4.01
PNM,24.838,9.35,0.02,6,5,4.56
PNM,32.848,9.37,0.02,7,6,5.51
PNM,20.765,8.32,0.01,5,6,4.23
PNM,23.136,8.34,0.02,6,6,5
PNM,20.931,7.3,0.02,6,6,3.99
PNM,18.432,7.29,0.02,5,4,3.78
PNM,23.64,7.31,0.02,5,6,4.51
PNM,28.614,9.36,0.02,5,6,4.98
PNM,22.93,8.33,0.02,6,5,4.51
PNM,24.515,8.34,0.02,4,5,4.03
PNM,18.531,7.29,0.02,5,6,4.11
PNM,20.828,8.32,0.02,5,5,4.02
PNM,22.821,8.34,0.02,6,5,4.71
PNM,17.476,8.24,0.02,6,5,4.21
PNM,18.167,5.23,0.02,4,3,4.5
PNM,19.757,5.25,0.02,5,5,4.5
PNM,24.568,9.37,0.02,6,7,4.5
PNM,22.759,9.36,0.01,6,5,4.48
PNM,22.477,9.37,0.02,4,6,4.8
PNM,19.569,7.25,0.02,5,5,4.11
PNM,21.825,7.32,0.02,7,8,4.3
PNM,19.666,7.28,0.02,4,5,4.53
PNM,22.145,7.31,0.02,5,5,5.56
PNM,17.811,6.27,0.02,5,7,4.49
PNM,17.513,6.25,0.01,4,4,4.03
PNM,21.762,8.32,0.02,6,5,4.03
PNM,19.384,6.26,0.02,4,6,4.48
PNM,21.455,8.33,0.02,5,4,4.6
PNM,21.823,8.34,0.02,5,4,4.62
PNM,25.629,8.33,0.02,7,6,453
PNM,24.961,8.33,0.02,7,5,4.41
PNM,20.689,7.3,0.02,5,5,4.02
PNM,19.603,8.31,0.02,7,6,3.95
PNM,21.926,8.33,0.02,5,5,4.56
PNM,18.463,6.27,0.02,6,5,4.4
PNM,15.327,6.27,0.02,5,6,4.11
PNM,20.372,8.33,0.01,6,6,4.41
PNM,23.155,8.34,0.02,5,6,4.93
PNM,16.348,7.3,0.01,6,6,4.03
PNM,30.75,10.39,0.02,7,7,4.81
PNM,25.431,8.33,0.02,4,6,5.01
PNM,17.11,7.3,0.02,5,6,4.98
PNM,18.664,8.31,0.02,6,4,3.96
PNM,22.958,9.36,0.02,5,4,4.62
PNM,15.888,6.27,0.01,5,4,3.83
PNM,24.008,8.34,0.01,5,6,4.75
PNM,21.912,8.34,0.02,6,5,4.52
PNM,24.788,8.33,0.02,6,5,4.9
PNM,14.471,6.26,0.02,6,5,4.12
PNM,18.866,7.3,0.02,5,5,3.9
PNM,23.961,8.33,0.02,5,6,5.01
PNM,27.186,8.35,0.02,6,6,4.72
PNM,18.295,7.3,0.02,5,5,3.91
PNM,23.683,7.31,0.02,7,7,4.9
PNM,38.126,10.4,0.02,8,5,5.6
PNM,20.624,7.3,0.01,5,5,4.29
PNM,17.237,6.27,0.02,5,5,4.1
PNM,18.656,8.33,0.01,4,4,3.81
PNM,15.045,7.27,0.02,4,3,3.98
PNM,21.729,7.28,0.02,6,6,4.2
PNM,21.45,8.31,0.02,4,5,4.21
PNM,19.548,8.32,0.01,4,6,3.91
PNM,22.859,7.31,0.02,5,4,4.89
PNM,25.81,9.37,0.02,5,7,4.72
PNM,28.474,8.34,0.01,8,7,4.71
PNM,32.777,8.37,0.02,7,6,5.01
PNM,19.831,8.32,0.02,6,6,4.53
PNM,34.602,10.41,0.02,7,6,5.22
PNM,29.834,9.39,0.02,4,6,4.91
PNM,26.553,7.29,0.02,6,6,4.81
PNM,23.635,8.31,0.02,4,5,4.51
PNM,20.132,8.32,0.01,6,6,3.99
PNM,20.884,8.32,0.01,4,4,4.01
PNM,15.326,7.29,0.01,4,4,3.53
PNM,38.339,10.42,0.02,6,5,5.44
PNM,31.808,8.35,0.02,5,5,4.91
PNM,20.616,8.34,0.02,6,5,4.09
PNM,19.244,8.33,0.01,8,6,4.03
PNM,17.924,7.31,0.02,5,5,4.36
PNM,28.763,8.35,0.02,6,6,4.88
PNM,26.631,9.36,0.02,5,5,4.56
PNM,16.88,6.25,0.02,5,6,4.12
PNM,20.244,8.32,0.02,6,6,4.5
PNM,20.98,7.3,0.02,7,5,4.56
PNM,35.567,10.39,0.02,6,7,5.2
PNM,22.822,8.33,0.02,5,5,4.34
PNM,18.632,6.24,0.02,7,5,4.66
PNM,24.73,7.28,0.02,5,6,4.38
PNM,17.886,7.36,0.02,6,6,4.46
PNM,21.731,8.33,0.02,7,6,4.03
PNM,25.793,9.36,0.02,7,6,4.69
PNM,26.445,9.35,0.02,6,6,4.73
PNM,21.012,7.28,0.02,5,6,4.76
PNM,18.472,7.3,0.02,6,4,4.28
PNM,32.71,10.41,0.02,5,6,5.01
PNM,21.088,7.3,0.02,5,7,4.79
PNM,22.882,8.34,0.02,6,6,4.61
PNM,17.403,7.28,0.02,4,5,4.48
PNM,23.453,8.35,0.02,5,6,4.71
PNM,28.342,8.32,0.02,4,5,4.78
PNM,29.649,9.37,0.02,8,6,5.22
PNM,15.841,6.26,0.02,5,6,4.01
PNM,20.052,7.31,0.02,5,5,4.39
PNM,17.747,7.31,0.02,5,5,3.89
PNM,21.213,7.28,0.02,5,5,4.52
PNM,34.85,10.4,0.02,6,4,4.98
PNM,23.997,8.32,0.02,5,5,4.28
PNM,21.569,7.28,0.02,5,4,4.53
PNM,17.19,7.27,0.02,5,5,4.02
PNM,21.67,6.26,0.02,5,4,4.09
PNM,29.129,8.35,0.02,5,5,4.98
PNM,20.766,8.32,0.01,6,6,3.93
PNM,24.758,7.31,0.02,5,5,4.85
PNM,15.455,6.27,0.02,5,6,3.85
PNM,31.561,10.39,0.02,5,5,4.98
PNM,24.766,8.33,0.02,6,5,4.644
PNM,23.106,7.29,0.02,6,5,4.76
PNM,18.195,6.27,0.02,5,5,4.07
PNM,18.179,7.29,0.02,4,6,4.39
PNM,27.35,9.36,0.02,6,5,4.58
PNM,30.877,9.37,0.02,5,5,4.96
PNM,27.89,9.36,0.02,7,5,4.92
PNM,17.545,7.28,0.02,5,4,4.2
PNM,19.729,7.29,0.01,5,5,4.48
PNM,23.478,6.26,0.02,4,4,4.76
PNM,29.047,8.35,0.02,5,4,5.03
PNM,37.326,10.39,0.02,6,6,4.58
PNM,16.215,6.26,0.02,4,4,4.04
PNM,16.082,6.28,0.02,5,5,4
PNM,31.555,9.37,0.02,6,5,4.94
PNM,25.766,7.31,0.02,6,5,4.58
PNM,23.381,7.31,0.02,5,5,4.76
PNM,21.43,7.29,0.02,5,4,4.53
PNM,19.584,8.32,0.02,6,6,4.23
PNM,40.157,10.42,0.01,7,6,4.31
PNM,33.144,9.36,0.02,5,7,5.62
PNM,41.446,11.44,0.02,6,8,5.5
PNM,19.146,6.27,0.02,6,5,4.08
PNM,19.308,7.29,0.02,5,4,4.12
PNM,26.566,8.32,0.02,4,5,4.84
PNM,36.535,10.39,0.01,5,6,5.49
PNM,29.104,9.36,0.02,6,7,4.51
PNM,20.738,8.33,0.02,6,6,3.83
PNM,15.489,6.25,0.02,6,5,3.83
PNM,21.038,8.32,0.01,4,4,3.89
PNM,28.718,8.33,0.01,5,6,4.7
PNM,24.229,9.35,0.02,5,6,4.32
PNM,26.92,8.33,0.02,7,6,5.45
PNM,17.626,6.26,0.02,5,5,4.04
PNM,23.371,8.32,0.02,4,5,3.95
PNM,18.4,6.25,0.02,5,4,3.98
PNM,27.131,9.36,0.02,5,5,4.8
PNM,20.228,6.27,0.02,4,4,4.13
PNM,17.423,6.25,0.01,5,6,4.36
PNM,23.768,7.29,0.02,6,5,4.83
PNM,21.36,7.28,0.02,6,5,4.42
PNM,24.282,8.32,0.02,6,6,4.47
PNM,25.441,8.33,0.01,5,5,4.51
PNM,37.235,11.46,0.02,6,5,5.49
PNM,31.765,9.37,0.02,5,8,4.58
PNM,17.32,7.28,0.01,5,6,3.61
PNM,16.492,6.25,0.02,5,4,3.98
PNM,20.417,8.32,0.01,5,5,4
PNM,28.796,9.36,0.02,7,5,5.28
PNM,14.224,6.24,0.02,5,4,3.4
PNM,26.649,8.35,0.02,5,5,4.5
PNM,18.659,7.3,0.02,5,6,3.7
PNM,18.402,7.31,0.01,6,5,3.68
PNM,19,7.29,0.02,5,5,4.49
PNM,20.537,7.28,0.02,6,6,4.11
PNM,27.776,8.34,0.02,5,5,4.55
PNM,24.173,8.35,0.01,7,6,4.96
PNM,17.055,6.27,0.02,6,5,4.1
PNM,21.922,8.34,0.02,7,6,4.39
PNM,27.295,7.3,0.02,5,7,4.98
PNM,23.696,8.33,0.01,5,5,5.02
PNM,21.162,7.31,0.02,6,5,4.69
PNM,21.236,8.32,0.02,6,5,4.62
PNM,19.876,7.29,0.02,6,5,4.78
PNM,23.213,7.29,0.02,4,6,4.96
PNM,15.06,5.23,0.02,4,5,3.88
PNM,22.935,8.34,0.01,4,4,4.56
PNM,21.649,8.31,0.01,6,5,4.95
PNM,22.005,7.29,0.02,5,5,4.9
PNM,24.659,7.3,0.02,5,5,4.81
PNM,24.358,7.28,0.01,6,5,4.39
PNM,21.636,6.25,0.02,5,6,4.4
PNM,17.613,8.33,0.01,6,5,4.01
PNM,19.325,7.28,0.02,5,5,4.23
PNM,26.932,7.3,0.02,6,5,4.88
PNM,23.031,7.31,0.01,6,5,4.28
PNM,21.349,6.27,0.02,5,7,4.21
PNM,15.356,7.29,0.02,6,5,3.99
PNM,13.521,7.31,0.02,5,5,3.24
PNM,26.924,8.35,0.02,6,7,4.3
PNM,20.363,7.28,0.02,5,6,4.56
PNM,19.348,7.27,0.02,7,6,4.28
PNM,18.051,6.26,0.01,6,6,3.07
PNM,14.898,7.31,0.01,6,6,2.85
PNM,25.024,8.33,0.02,6,5,4.43
PNM,20.306,7.29,0.02,4,4,4.29
PNM,18.241,7.3,0.02,5,6,3.98
PNM,14.076,6.24,0.01,6,5,3.7
PNM,13.362,5.23,0.02,5,6,3.68
SN,51.42,11.44,0.03,7,7,7.29
SN,40.61,11.1,0.03,7,6,6.26
SN,43.14,10.42,0.03,5,6,6.26
SN,38.69,8.35,0.03,5,5,7.28
SN,38.32,10.43,0.02,6,7,6.24
SN,45.6,10.43,0.02,6,6,6.24
SN,51.93,10.42,0.02,7,6,7.28
SN,45.43,1.44,0.02,8,7,6.25
SN,37.66,9.39,0.02,7,8,5.23
SN,28.59,7.29,0.03,7,6,5.51
SN,27.54,9.36,0.02,5,5,6.24
SN,17.44,6.24,0.03,6,5,5.22
SN,17.2,7.3,0.02,5,7,4.18
SN,20.81,6.27,0.03,5,6,6
SN,16.4,8.32,0.02,7,7,4.18
SN,34.57,9.37,0.02,6,6,6.24
SN,39.8,9.39,0.02,7,8,6.26
SN,24.86,7.29,0.03,6,6,5.22
SN,40.48,9.36,0.03,6,7,6.26
SN,24.55,7.29,0.02,4,7,5.43
SN,39.07,9.38,0.03,6,7,6.37
SN,44.98,9.39,0.02,8,7,6.26
SN,39.27,9.39,0.02,5,6,6.24
SN,35.17,9.38,0.03,7,7,5.22
SN,55.52,11.43,0.02,8,8,7.3
SN,46.38,10.39,0.02,7,5,6.25
SN,50.33,10.42,0.02,6,5,6.96
SN,51.45,11.45,0.02,6,9,6.26
SN,44.59,9.39,0.02,7,7,6.25
SN,41.7,10.4,0.03,6,6,6.12
SN,41.66,10.39,0.02,7,7,6.21
SN,33.96,10.39,0.02,8,6,6.23
SN,28.1,8.32,0.03,6,6,5.22
SN,30.99,10.4,0.02,9,5,5.21
SN,21.17,6.24,0.03,6,7,5.23
SN,35.42,9.36,0.02,6,6,5.76
SN,33.4,9.35,0.02,8,6,5.21
SN,48.11,10.4,0.03,8,9,7.28
SN,26.91,7.29,0.03,6,6,5.22
SN,40.48,9.38,0.02,6,5,5.23
SN,30.1,9.35,0.02,7,5,5.2
SN,34.7,9.35,0.02,6,6,6.24
SN,34.85,10.4,0.02,7,7,5.72
SN,25.2,7.28,0.03,5,7,5.22
SN,27.48,8.31,0.03,7,7,5.23
SN,35.35,7.3,0.02,7,6,6.25
SN,29.23,8.34,0.03,7,5,5.79
SN,32.35,8.35,0.03,6,8,5.22
SN,31.38,8.35,0.02,8,8,6.01
SN,27.38,8.32,0.03,7,5,5.21
SN,56.527,10.42,0.02,6,7,8.31
SN,63.501,12.47,0.02,7,7,8.31
SN,42.211,9.38,0.03,8,7,6.8
SN,33.636,9.37,0.02,7,7,5.35
SN,45.744,10.41,0.03,8,7,6.83
SN,38.369,9.37,0.02,7,8,5.81
SN,37.966,9.35,0.03,7,7,6.18
SN,40.205,10.39,0.02,7,6,6.43
SN,27.817,7.28,0.03,7,6,5.22
SN,29.659,8.34,0.02,6,8,5.22
SN,54.29,10.48,0.03,8,7,7.29
SN,43.891,8.34,0.02,7,8,7.27
SN,44.741,10.39,0.02,10,9,6.25
SN,32.542,8.33,0.02,8,7,5.21
SN,30.272,8.34,0.02,6,8,5.2
SN,37.755,9.37,0.03,6,7,5.22
SN,29.091,8.37,0.02,8,8,5.2
SN,48.881,11.43,0.02,7,8,6.27
SN,28.897,8.32,0.02,7,7,5.22
SN,31.559,8.31,0.03,9,8,5.23
SN,50.609,10.39,0.02,9,7,6.28
SN,50.898,11.42,0.02,7,8,6.27
SN,33.971,9.38,0.02,7,6,5.1
SN,36.726,9.36,0.02,8,7,5.22
SN,34.629,9.36,0.02,7,7,5.22
SN,46.163,10.41,0.02,9,9,6.24
SN,39.821,9.37,0.02,8,7,5.23
SN,33.507,8.35,0.02,6,8,5.22
SN,34.537,7.31,0.03,5,8,6.26
SN,33.156,9.36,0.02,6,8,5.21
SN,72.274,12.49,0.03,7,9,8.34
SN,32.491,8.34,0.02,7,9,5.21
SN,29.432,7.28,0.03,7,7,6.24
SN,57.207,11.44,0.02,8,8,8.31
SN,26.854,8.31,0.02,7,6,5.21
SN,35.733,8.34,0.03,7,7,5.23
SN,37.483,7.3,0.03,5,6,7.28
SN,38.132,9.37,0.03,6,9,6.24
SN,32.206,7.3,0.03,6,6,6.25
SN,23.278,6.26,0.03,7,6,5.16
SN,49.999,10.4,0.02,7,7,7.28
SN,46.783,9.39,0.02,8,8,6.25
SN,40.482,9.36,0.03,8,9,5.23
SN,47.487,9.38,0.03,8,7,6.26
SN,37.336,9.36,0.03,7,6,5.23
SN,36.369,8.31,0.02,6,7,6.25
SN,49.593,10.4,0.02,6,8,6.27
SN,29.477,8.34,0.02,7,7,5.21
SN,27.379,7.3,0.02,9,5,5.2
SN,29.195,7.34,0.02,5,6,5.21
SN,89.215,13.52,0.02,8,8,8.33
SN,66.665,11.45,0.03,8,8,7.29
SN,49.291,11.45,0.03,7,8,5.24
SN,38.833,9.36,0.03,8,9,5.22
SN,37.436,9.36,0.02,6,7,5.21
SN,27.391,7.3,0.02,6,5,5.2
SN,51.853,9.38,0.03,6,6,7.3
SN,44.22,9.37,0.02,6,6,6.27
SN,28.662,7.28,0.03,5,5,5.22
SN,28.038,7.31,0.02,6,7,5.21
SN,66.968,11.48,0.02,7,8,8.32
SN,48.178,9.39,0.03,8,10,7.27
SN,49.902,10.42,0.02,7,9,6.27
SN,33.865,8.33,0.02,6,6,6.22
SN,27.153,7.29,0.02,6,6,5.38
SN,33.088,8.34,0.01,8,8,5.21
SN,31.175,9.36,0.02,7,7,5.21
SN,41.931,9.36,0.03,7,8,7.29
SN,58.201,12.47,0.03,8,7,8.31
SN,28.729,8.34,0.02,9,8,5.4
SN,33.316,8.32,0.03,5,6,5.22
SN,63.976,12.47,0.02,7,8,7.56
SN,40.653,8.33,0.03,7,6,6.27
SN,40.993,9.36,0.02,8,7,6.24
SN,41.734,10.4,0.03,6,6,5.22
SN,45.035,10.41,0.03,6,7,6.25
SN,32.309,8.33,0.03,6,7,5.21
SN,53.15,10.41,0.02,7,7,6.26
SN,34.74,7.41,0.02,5,6,6.24
SN,29.364,7.31,0.03,7,7,5.2
SN,56.062,10.41,0.02,5,7,7.29
SN,45.952,10.4,0.02,6,9,6.26
SN,49.785,11.43,0.03,7,8,6.26
SN,53.127,11.43,0.03,7,7,7.27
SN,54.949,10.42,0.03,7,9,7.3
SN,37.707,9.35,0.02,7,8,5.22
SN,40.413,8.32,0.03,9,8,6.26
SN,37.006,9.38,0.02,7,7,5.23
SN,35.092,8.34,0.03,6,5,5.22
SN,32.538,8.35,0.02,8,5,5.21
SN,45.271,9.37,0.03,7,7,6.25
SN,39.265,8.32,0.03,8,9,6.26
SN,32.378,8.33,0.02,8,8,5.22
SN,35.405,7.28,0.03,7,7,6.26
SN,22.839,6.25,0.03,7,6,5.2
SN,36.427,7.29,0.03,6,7,6.26
SN,57.841,10.42,0.02,6,6,7.29
SN,34.443,9.38,0.02,6,7,5.3
SN,30.69,9.37,0.03,7,8,5.21
SN,35.313,8.35,0.02,9,8,6.25
SN,43.442,9.35,0.02,5,6,6.25
SN,34.001,9.35,0.02,7,8,5.2
SN,38.233,8.32,0.03,7,7,6.23
SN,40.071,9.36,0.03,7,6,5.21
SN,39.96,8.34,0.03,7,6,6.24
SN,53.404,11.44,0.03,7,7,6.76
SN,24.484,6.27,0.03,6,8,5.2
SN,33.631,9.36,0.02,9,6,5.22
SN,36.737,9.38,0.02,10,8,6.7
SN,47.209,11.43,0.02,8,10,6.25
SN,39.846,9.36,0.03,8,8,5.75
SN,28.546,7.28,0.03,7,6,5.2
SN,29.551,8.32,0.02,9,8,4.92
SN,69.849,12.47,0.02,5,8,7.75
SN,43.554,9.36,0.02,7,7,6.41
SN,39.376,8.32,0.03,7,8,5.5
SN,48.753,9.35,0.03,7,5,7.29
SN,28.668,8.33,0.02,8,7,4.19
SN,25.654,7.28,0.02,6,7,4.19
SN,54.269,10.39,0.02,8,7,7.3
SN,33.468,7.31,0.02,7,7,5.95
SN,29.154,8.32,0.02,7,5,5.05
SN,64.59,11.45,0.02,6,8,8.05
SN,29.365,7.3,0.03,7,7,5.31
SN,39.055,8.35,0.02,7,7,6
SN,44.779,9.37,0.02,7,7,6.62
SN,51.026,10.41,0.03,8,6,6.26
SN,27.298,7.28,0.02,6,6,5.44
SN,35.066,8.33,0.03,6,6,6.23
SN,39.47,9.35,0.02,8,8,6.25
SN,34.051,8.34,0.02,7,7,5.21
SN,50.425,11.43,0.03,10,8,6.24
SN,34.117,9.35,0.01,7,7,5.22
SN,38.616,8.34,0.02,6,5,6.08
SN,39.807,9.38,0.02,7,6,6.24
SN,48.892,10.4,0.02,9,9,6.26
SN,40.356,9.37,0.03,8,8,6.23
SN,62.532,11.45,0.02,8,9,7.5
SN,48.208,10.4,0.03,7,8,5.22
SN,37.104,9.37,0.03,9,7,5.23
SN,33.817,8.32,0.03,8,7,5.22
SN,39.524,9.39,0.02,8,8,5.7
SN,33.254,9.36,0.02,7,7,5.41
SN,31.105,8.34,0.02,7,7,5.2
SN,32.457,8.32,0.02,7,7,5.41
SN,49.913,9.38,0.02,9,7,6.98
SN,29.596,7.29,0.03,7,5,5.22
SN,34.07,8.34,0.02,6,7,5.75
SN,31.402,9.36,0.03,7,7,5.21
SN,43.902,10.39,0.03,10,8,6.53
SN,27.638,7.28,0.03,7,8,5.48
SN,42.246,10.38,0.03,8,7,5.22
SN,37.986,9.37,0.02,9,7,5.48
SN,37.24,8.35,0.03,8,8,5.33
SN,35.616,7.3,0.03,7,7,6.23
SN,47.907,10.42,0.03,10,9,6.49
SN,33.44,9.37,0.02,8,7,5.21
SN,46.347,10.4,0.02,6,7,6.59
SN,29.864,8.31,0.02,7,7,5.55
SN,30.891,7.28,0.03,6,6,7.27
SN,59.995,11.45,0.02,8,8,7.24
SN,39,8.33,0.03,7,8,6.24
SN,40.587,9.38,0.02,9,8,5.73
SN,35.802,8.34,0.03,9,7,5.6
SN,54.262,10.41,0.02,9,8,6.88
SN,34.106,9.36,0.03,8,8,5.31
SN,52.224,10.4,0.02,8,8,7.27
SN,37.534,8.34,0.03,7,8,6.24
SN,38.007,8.34,0.03,7,7,6.18
SN,60.216,10.4,0.02,8,8,7.71
SN,37.64,9.35,0.03,7,7,5.48
SN,44.909,9.35,0.03,8,6,6.3
SN,29.674,8.32,0.02,9,8,4.83
SN,83.239,13.51,0.03,10,9,8.48
SN,39.62,8.32,0.03,7,7,6.37
SN,40.36,9.35,0.03,6,8,6.24
SN,53.513,10.42,0.02,8,7,6.98
SN,36.593,9.37,0.02,7,8,5.64
SN,43.32,8.34,0.03,5,7,6.98
SN,34.22,9.38,0.02,9,9,5.17
SN,49.574,10.42,0.03,10,8,5.68
SN,40.028,9.36,0.02,9,8,5.82
SN,29.295,7.3,0.03,6,8,5.3
SN,32.303,7.31,0.02,7,8,5.64
SN,49.748,7.4,0.03,7,6,6.56
SN,43.192,9.48,0.03,8,8,6.01
SN,39.129,8.33,0.03,7,7,6.26
SN,38.219,9.37,0.03,8,6,6.23
SN,37.9,9.36,0.03,9,8,6.24
SN,62.708,11.44,0.02,9,9,7.92
SN,34.371,9.36,0.02,8,7,4.19
SN,38.302,8.34,0.02,7,7,5.65
SN,38.527,9.36,0.02,7,8,5.23
SN,41.775,10.4,0.02,8,8,5.73
SN,32.569,7.31,0.02,8,8,5.67
SN,42.071,9.38,0.03,8,9,5.58
SN,38.535,8.35,0.03,8,8,6.23
SN,31.35,7.3,0.02,6,7,6.23
SN,41.076,9.36,0.02,7,7,6.18
SN,58.966,11.45,0.03,9,9,7.29
SN,35.97,8.35,0.02,7,7,5.21
SN,36.439,9.38,0.02,6,8,5.2
SN,48.631,10.4,0.03,9,8,6.26
SN,36.872,9.36,0.03,8,9,5.22
SN,35.47,9.36,0.02,7,7,5.22
SN,46.684,9.37,0.03,9,8,6.27
SN,32.152,8.35,0.02,9,7,5.22
SN,36.709,8.33,0.02,6,7,6.25
SN,73.705,12.48,0.03,8,8,8.34
SN,50.795,9.42,0.02,8,7,6.91
SN,41.037,9.37,0.03,8,7,6.85
SN,41.349,9.38,0.03,8,7,6.07
SN,39.753,8.34,0.03,5,8,6.51
SN,42.377,10.39,0.03,9,8,6.24
SN,37.393,8.34,0.03,5,6,6.25
SN,53.287,10.4,0.03,8,9,7.08
SN,38.838,10.39,0.03,10,10,5.74
SN,33.675,7.31,0.02,8,7,6.24
SN,31.345,7.31,0.02,6,7,5.23
SN,30.351,7.33,0.02,9,6,5.56
SN,39.263,7.3,0.02,5,7,6.35
SN,57.846,10.42,0.02,8,8,7.27
SN,47.765,9.38,0.02,8,7,5.25
SN,43.191,9.38,0.03,8,7,5.22
SN,48.614,10.39,0.03,8,8,5.24
SN,51.269,11.45,0.03,8,7,6.24
SN,45.898,11.39,0.03,8,8,6.25
SN,42.133,10.4,0.03,9,9,5.23
SN,41.057,9.38,0.03,8,8,5.23
SN,39.84,9.36,0.02,8,8,6.23
SN,75.237,12.48,0.02,8,8,8.32
SN,49.151,10.4,0.02,9,9,6.24
SN,39.724,9.38,0.03,9,8,5.23
SN,44.261,9.37,0.03,8,9,6.25
SN,40.383,9.39,0.03,9,8,5.22
SN,35.022,8.34,0.03,8,7,5.22
SN,48.02,9.38,0.02,9,8,6.25
SN,51.345,10.42,0.02,8,8,7.27
SN,37.314,10.39,0.02,6,7,5.22
SN,44.35,9.37,0.02,8,9,7.28
SN,49.08,10.4,0.02,7,7,6.26
SN,39.532,9.36,0.03,8,8,5.23
SN,40.53,10.39,0.03,7,9,5.23
SN,38.725,8.32,0.03,8,9,6.25
SN,29.744,7.31,0.02,7,7,5.21
SN,32.02,9.35,0.02,9,9,5.03
SN,32.071,9.36,0.02,7,8,4.97
SN,42.256,9.37,0.03,9,8,6.53
SN,42.286,9.38,0.02,7,6,6.4
SN,56.435,11.45,0.03,9,10,7.28
SN,40.382,9.37,0.02,8,9,6.24
SN,37.9,8.34,0.02,8,7,6.04
SN,32.187,8.35,0.02,7,7,5.2
SN,38.112,8.35,0.03,6,6,6.23
SN,48.539,10.4,0.02,7,7,6.27
SN,43.515,10.41,0.02,9,7,6.24
SN,60.221,11.45,0.03,8,9,7.27
SN,44.636,10.42,0.03,9,10,6.26
SN,37.327,8.34,0.02,8,8,6.25
SN,40.658,9.38,0.03,9,7,6.24
SN,34.221,8.33,0.02,7,7,5.2
SN,38.483,8.34,0.03,8,8,5.23
SN,33.995,8.31,0.02,9,8,5.23
SN,42.071,10.39,0.02,8,9,6.23
SN,39.553,9.38,0.02,8,7,5.23
SN,55.772,10.47,0.03,8,8,7.28
SN,50.355,10.49,0.03,8,9,7.29
SN,40.907,10.39,0.03,9,9,5.24
SN,38.089,9.36,0.02,6,8,6.25
SN,50.416,10.41,0.02,9,8,6.27
SN,41.801,8.33,0.03,9,7,5.23
SN,42.692,9.36,0.03,9,8,5.23
SN,63.648,11.43,0.02,8,9,7.3
SN,35.194,8.33,0.02,8,8,5.22
SN,36.991,8.34,0.02,7,6,5.22
SN,61.713,11.45,0.03,7,8,7.28
SN,40.645,9.37,0.03,8,8,5.23
SN,41.979,9.36,0.03,7,7,6.26
SN,50.352,10.41,0.03,8,8,6.25
SN,44.064,10.4,0.03,8,8,7.27
SN,76.964,11.44,0.02,7,7,8.34
SN,50.26,10.41,0.02,7,7,6.25
SN,49.56,10.41,0.02,9,10,6.26
SN,36.05,8.32,0.03,7,7,5.24
SN,37.049,10.41,0.02,8,9,5.22
SN,34.239,8.32,0.02,7,8,5.21
SN,36.112,8.33,0.02,7,7,5.21
SN,37.004,8.32,0.03,7,8,6.25
SN,47.315,11.43,0.02,9,9,6.25
SN,42.62,10.42,0.02,9,8,6.24
SN,75.825,11.46,0.02,8,7,8.32
SN,36.176,8.32,0.03,7,9,5.24
SN,50.583,10.4,0.02,8,7,7.14
SN,33.696,9.35,0.02,8,8,5.51
SN,53.203,10.41,0.02,8,8,7.26
SN,55.007,11.43,0.03,7,8,6.26
SN,46.593,9.36,0.03,6,8,6.26
SN,37.023,8.32,0.03,8,8,6.24
SN,45.414,9.36,0.03,7,7,7.28
SN,34.692,9.35,0.02,7,7,5.54
SN,74.77,11.47,0.02,8,7,8.34
SN,41.65,8.35,0.02,6,7,6.25
SN,52.131,11.44,0.02,7,7,7.27
SN,39.977,9.38,0.03,7,7,5.23
SN,45.745,11.43,0.03,7,8,6.24
SN,38.272,8.33,0.03,6,7,6.25
SN,35.846,8.34,0.02,7,7,5.23
SN,37.545,9.38,0.02,6,6,6.24
SN,38.588,9.37,0.02,7,8,6.24
SN,45.014,9.39,0.03,8,6,6.25
SN,50.919,9.37,0.02,7,7,6.27
SN,39.244,8.32,0.02,5,6,6.26
SN,46.746,9.39,0.02,8,8,6.26
SN,44.841,10.4,0.03,9,8,6.24
SN,42.41,9.36,0.02,8,8,6.26
SN,43.486,9.38,0.03,7,6,5.23
SN,51.719,10.4,0.02,6,6,6.27
SN,46.718,10.39,0.02,7,7,6.26
SN,37.152,8.34,0.03,7,5,6.37
SN,38.327,9.37,0.03,7,7,6.24
SN,36.078,9.37,0.02,6,8,5.21
SN,40.936,10.39,0.02,5,8,5.23
SN,36.079,9.36,0.03,8,7,5.22
SN,41.343,9.36,0.02,7,8,6.25
SN,46.254,9.36,0.02,6,6,6.26
SN,54.875,9.41,0.02,8,6,7.29
SN,33.457,8.31,0.02,9,8,5.21
SN,34.55,8.34,0.02,8,7,5.22
SN,39.125,8.35,0.02,7,7,6.25
SN,43.198,9.38,0.02,7,7,6.25
SN,58.947,10.42,0.02,7,8,6.94
SN,57.21,10.49,0.02,7,6,7.28
SN,48.917,10.4,0.02,7,8,6.25
SN,37.102,10.39,0.02,7,8,5.21
SN,30.523,8.34,0.02,8,9,5.48
SN,44.753,9.37,0.02,7,7,6.24
SN,42.14,9.36,0.02,8,7,6.25
SN,49.601,10.41,0.02,8,9,6.93
SN,50.718,11.43,0.02,8,8,7.28
SN,35.634,9.35,0.02,7,7,6.2
SN,40.313,9.38,0.03,8,6,5.22
SN,48.539,10.41,0.02,9,8,6.26
SN,43.297,9.38,0.03,9,6,6.25
SN,35.207,9.36,0.02,6,6,5.22
SN,35.609,9.36,0.03,8,9,5.24
SN,41.162,9.38,0.02,7,9,5.22
SN,46.087,9.39,0.02,7,7,6.25
SN,44.714,9.38,0.02,7,7,6.27
SN,45.801,10.39,0.02,6,8,6.26
SN,46.521,9.38,0.02,6,7,6.27
SN,83.436,11.44,0.02,7,7,8.34
SN,44.349,7.37,0.02,7,7,6.23
SN,60.325,11.45,0.02,9,9,6.27
SN,45.733,10.41,0.03,8,10,5.23
SN,54.984,11.44,0.03,7,10,6.26
SN,39.007,9.38,0.02,7,9,5.21
SN,51.519,10.4,0.03,8,6,6.27
SN,35.872,8.33,0.02,6,6,6.23
SN,41.817,9.36,0.02,8,6,6.25
SN,43.615,10.42,0.03,8,7,6.23
SN,53.696,10.42,0.02,8,9,7.29
SN,49.827,10.4,0.03,8,7,6.28
SN,37.987,10.39,0.03,6,7,5.23
SN,36.072,9.36,0.03,7,7,6.23
SN,32.761,8.34,0.03,7,9,5.44
SN,45.651,9.39,0.03,8,8,6.26
SN,30.497,8.33,0.02,7,7,5.21
SN,54.852,11.44,0.03,7,8,6.32
SN,29.441,8.33,0.02,9,8,5.2
SN,43.265,9.38,0.02,7,8,6.64
SN,51.714,9.36,0.02,9,7,6.76
SN,56.015,9.38,0.03,11,7,7.13
SN,44.002,10.4,0.02,9,9,5.23
SN,34.388,9.35,0.02,8,8,5.2
SN,40.95,8.34,0.02,9,7,6.12
SN,55.538,10.39,0.02,7,7,7.28
SN,54.328,10.42,0.03,8,8,6.27
SN,37.592,8.34,0.03,9,7,6.14
SN,41.218,9.35,0.02,7,7,6.31
SN,56.53,12.48,0.03,8,7,7.27
SN,73.097,11.46,0.03,7,7,7.31
SN,38.86,9.36,0.02,7,7,5.46
SN,40.98,9.37,0.02,8,8,5.72
SN,50.786,10.41,0.03,9,10,6.24
SN,45.096,10.39,0.02,8,7,6.05
SN,42.648,10.4,0.02,8,9,5.82
SN,60.545,12.49,0.02,10,7,7.07
SN,33.052,8.32,0.03,8,8,5.82
SN,42.888,9.37,0.02,8,8,6.29
SN,55.064,11.44,0.03,8,10,7.21
SN,57.118,9.36,0.02,9,7,7.57
SN,42.885,9.37,0.02,8,8,5.83
SN,54.106,10.4,0.02,7,6,7.35
SN,48.419,10.4,0.03,6,8,6.92
SN,45.757,8.35,0.02,6,6,7.2
SN,48.317,10.41,0.03,12,8,5.99
SN,50.516,10.41,0.02,7,8,6.96
SN,46.155,10.42,0.02,8,8,6.25
SN,47.167,10.4,0.02,7,7,6.88
SN,42.091,9.47,0.02,5,7,6.77
SN,106.233,13.54,0.03,8,8,9.36
SN,53.723,10.4,0.03,8,8,6.26
SN,41.479,8.35,0.03,6,6,6.16
SN,44.473,9.38,0.03,7,6,6.25
SN,44.422,11.43,0.03,8,6,7.81
SN,36.602,9.36,0.02,9,7,5.21
SN,42.067,9.38,0.02,7,6,5.24
SN,45.697,9.38,0.03,6,7,7.07
SN,43.374,10.42,0.02,8,8,6.24
SN,40.243,10.4,0.03,7,8,6.07
SN,67.158,11.44,0.02,7,7,8.13
SN,43.836,9.37,0.02,6,6,6.23
SN,44.456,8.34,0.02,7,7,6.24
SN,43.99,9.36,0.03,9,7,6.23
SN,64.575,11.45,0.02,7,6,7.29
SN,48.711,10.42,0.03,7,7,6.26
SN,56.798,10.42,0.02,7,8,7.28
SN,44.765,9.38,0.03,9,8,6.26
SN,42.746,9.36,0.02,8,7,6.24
SN,31.394,8.34,0.02,8,6,5.3
SN,51.813,10.4,0.02,9,7,6.25
SN,44.385,10.39,0.02,8,7,6.23
SN,59.052,10.41,0.03,8,6,7.3
SN,42.906,10.39,0.02,9,5,5.22
SN,41.207,9.39,0.03,7,7,5.23
SN,37.218,9.36,0.02,8,9,5.21
SN,36.84,8.34,0.03,7,6,5.23
SN,45.843,11.44,0.03,6,7,6.24
SN,31.419,7.32,0.02,5,5,5.36
SN,37.906,9.36,0.02,7,6,6.22
SN,90.093,12.5,0.02,7,7,8.34
SN,46.359,8.34,0.03,8,6,6.27
SN,47.809,10.41,0.03,7,7,6.24
SN,42.194,9.38,0.03,7,8,5.22
SN,55.108,10.41,0.02,6,8,7.27
SN,34.166,8.33,0.02,6,6,5.45
SN,44.156,9.37,0.02,7,7,5.23
SN,43.873,9.37,0.03,6,7,6.25
SN,44.797,10.41,0.03,9,7,6.24
SN,40.774,8.37,0.02,8,8,6.24
SN,83.628,11.46,0.02,8,7,8.51
SN,60.302,10.42,0.03,7,7,6.26
SN,62.946,11.43,0.03,7,7,7.39
SN,64.649,11.44,0.03,8,8,7.34
SN,43.836,10.4,0.02,8,8,5.23
SN,50.898,10.41,0.03,7,7,6.31
SN,62.916,10.42,0.03,7,7,7.46
SN,47.061,9.35,0.03,7,6,7.28
SN,56.122,10.41,0.02,8,7,7.19
SN,45.176,10.39,0.03,8,7,6.26
